uid,quizId,questionId,subject,concepts,difficulty,isCorrect,responseMs,ts
u4,quiz_5,q1343,Networking,rest;tcp,Medium,0,13142,2025-10-08T11:13:59Z
u1,quiz_1,q1328,Databases,normalization,Easy,1,11416,2025-10-08T11:15:59Z
u1,quiz_5,q1327,Programming,arrays;concurrency,Easy,1,10865,2025-10-08T11:28:59Z
u5,quiz_2,q1347,Databases,sql-agg;indexing,Hard,0,24201,2025-10-08T11:59:59Z
u3,quiz_1,q1338,Security,csrf;auth,Hard,0,19249,2025-10-08T13:20:59Z
u1,quiz_4,q1326,Algorithms,sorting,Easy,1,8519,2025-10-08T13:47:59Z
u6,quiz_5,q1355,Networking,tcp;routing,Medium,1,9021,2025-10-08T14:27:59Z
u1,quiz_2,q1330,Databases,sql-agg,Easy,0,11725,2025-10-08T14:35:59Z
u1,quiz_5,q1329,Networking,http,Easy,1,9122,2025-10-08T14:44:59Z
u2,quiz_2,q1334,Databases,indexing,Medium,1,16775,2025-10-08T15:01:59Z
u3,quiz_4,q1341,AI/ML,overfitting,Easy,1,11614,2025-10-08T15:36:59Z
u4,quiz_5,q1345,Databases,transactions;normalization,Medium,1,8945,2025-10-08T15:52:59Z
u4,quiz_3,q1344,Databases,sql-agg,Easy,1,11470,2025-10-08T16:26:59Z
u5,quiz_4,q1350,Security,xss,Medium,1,15576,2025-10-08T16:33:59Z
u2,quiz_4,q1333,Programming,concurrency;error-handling,Easy,0,12341,2025-10-08T17:29:59Z
u2,quiz_5,q1335,Programming,arrays,Medium,0,9811,2025-10-08T17:50:59Z
u6,quiz_1,q1354,Security,hashing-crypto;csrf,Easy,1,10320,2025-10-08T18:05:59Z
u5,quiz_2,q1349,Algorithms,graphs;hashing,Medium,1,8153,2025-10-08T19:18:59Z
u5,quiz_1,q1351,AI/ML,regression,Easy,0,7666,2025-10-08T19:23:59Z
u2,quiz_1,q1331,Algorithms,hashing;recursion,Easy,0,9218,2025-10-08T19:35:59Z
u6,quiz_3,q1353,AI/ML,classification,Easy,0,9049,2025-10-08T20:06:59Z
u3,quiz_2,q1337,Databases,joins;normalization,Easy,1,8096,2025-10-08T20:11:59Z
u6,quiz_2,q1352,Security,hashing-crypto;xss,Medium,1,18024,2025-10-08T20:52:59Z
u2,quiz_5,q1336,Networking,rest;dns,Easy,1,11345,2025-10-08T21:01:59Z
u4,quiz_3,q1346,Networking,routing,Easy,1,10244,2025-10-08T21:17:59Z
u5,quiz_1,q1348,Networking,http,Medium,1,16003,2025-10-08T21:53:59Z
u3,quiz_4,q1339,Security,encryption;xss,Medium,1,8726,2025-10-08T22:12:59Z
u4,quiz_2,q1342,AI/ML,gradient-descent,Medium,1,12888,2025-10-08T22:31:59Z
u1,quiz_1,q1325,Networking,routing,Easy,0,10875,2025-10-08T22:36:59Z
u2,quiz_4,q1332,AI/ML,overfitting;regression,Easy,1,8892,2025-10-08T22:41:59Z
